<NewDataSet>
  <xs:schema id="NewDataSet" xmlns="" xmlns:xs="http://www.w3.org/2001/XMLSchema" xmlns:msdata="urn:schemas-microsoft-com:xml-msdata">
    <xs:element name="NewDataSet" msdata:IsDataSet="true" msdata:MainDataTable="Table1" msdata:Locale="en-US">
      <xs:complexType>
        <xs:choice minOccurs="0" maxOccurs="unbounded">
          <xs:element name="Table1">
            <xs:complexType>
              <xs:sequence>
                <xs:element name="Model_x0020_folder" type="xs:string" minOccurs="0" />
                <xs:element name="Destination_x0020_folder" type="xs:string" minOccurs="0" />
                <xs:element name="Settings_x0020_file" type="xs:string" minOccurs="0" />
              </xs:sequence>
            </xs:complexType>
          </xs:element>
        </xs:choice>
      </xs:complexType>
    </xs:element>
  </xs:schema>
</NewDataSet>